id,file,pages,sha256,source_url,validated
1,01_abnar2020_attention_rollout.pdf,8,D42FF6344FFBAA920D5966CBCEB2928F1555A377098A4CD833654C8856B2CAF4,https://aclanthology.org/2020.acl-main.385.pdf,yes
2,02_chefer2021_transformer_interpretability.pdf,46,5464F9B31FA05D32E93F373F1F5DE032A3C72AA86E35B4BE4EF8F9E1456A7768,https://arxiv.org/pdf/2012.09838,yes
3,03_caron2021_dino_emerging_properties.pdf,11,FA218769E59512C0F2FFC73F2280DDFA2A2D23821837833082510B51B991DAAC,https://openaccess.thecvf.com/content/ICCV2021/papers/Caron_Emerging_Properties_in_Self-Supervised_Vision_Transformers_ICCV_2021_paper.pdf,yes
4,04_walmer2023_teaching_matters.pdf,11,0B2C1525FE68720DA92A5E6FBABDC1317FA2636E5C2A9EE6FEAABFDC7E1ADDB2,https://openaccess.thecvf.com/content/CVPR2023/papers/Walmer_Teaching_Matters_Investigating_the_Role_of_Supervision_in_Vision_Transformers_CVPR_2023_paper.pdf,yes
5,05_zeng2022_tcformer.pdf,11,3EF4863C05BC5891E37429E662F88596894A13577AAA0EE4A281BAD9D9DCF592,https://openaccess.thecvf.com/content/CVPR2022/papers/Zeng_Not_All_Tokens_Are_Equal_Human-Centric_Visual_Analysis_via_Token_CVPR_2022_paper.pdf,yes
6,06_wang2022_tokencut.pdf,11,30E846392125FE122DC9B81F311A439A76EAD8BAAD6C53196B72D2F7907E0D63,https://openaccess.thecvf.com/content/CVPR2022/papers/Wang_Self-Supervised_Transformers_for_Unsupervised_Object_Discovery_Using_Normalized_Cut_CVPR_2022_paper.pdf,yes
7,07_jaderberg2015_spatial_transformer.pdf,15,882FA8C7F77A06AF57AB57C18DD19856EC0846E3575560685F22E3F6CD307511,https://arxiv.org/pdf/1506.02025,yes
8,08_ding2023_reviving_shift_equivariance.pdf,11,D16A2FF8B6EC5B71984EDCFB71F9D5927272E10C02A8F24CA1A3386C1401B981,https://arxiv.org/pdf/2306.07470,yes
9,09_rojasgomez2023_true_shift_equivariance.pdf,25,9BCB5A8F370F5885EA326E2B755CF7AA3B61F1C292E0557297F1EB706AA6D1D9,https://arxiv.org/pdf/2305.16316,yes
10,10_kirillov2023_segment_anything.pdf,12,77992E7A518EDCAF5200A750299B98F99DE051066F7C1DAC357E6BAF8CE068BB,https://openaccess.thecvf.com/content/ICCV2023/papers/Kirillov_Segment_Anything_ICCV_2023_paper.pdf,yes
11,11_he2022_partimagenet.pdf,17,46A8F4C402DEAE5212DB94B3FF4229C17E9C9331AB87021F0808C01409D425DC,https://arxiv.org/pdf/2112.00933,yes
12,12_lee2020_maskgan_celebamaskhq.pdf,10,17AC27D5FB2CD79016A49260CCBF15E5A3CBA9E01DFBFD6FA5E9140CA388C52F,https://openaccess.thecvf.com/content_CVPR_2020/papers/Lee_MaskGAN_Towards_Diverse_and_Interactive_Facial_Image_Manipulation_CVPR_2020_paper.pdf,yes
13,13_chen2022_diverse_vit.pdf,12,A87EE0921151B38705CCE37E5AE60D11AE23AA17B9EA4CEE98BCC026394F0BA4,https://arxiv.org/pdf/2203.06345,yes
14,14_li2018_attention_disagreement.pdf,7,365D24980AEDAE7C311D42737D328CE4A100612C755D8AD0CB6DE40B0AA2D11E,https://aclanthology.org/D18-1317.pdf,yes
15,15_voita2019_head_pruning.pdf,12,69CBFBEE828BA42F0A88B6EBBD7EFC794D2385F1399DE186EF9338540826E6C6,https://arxiv.org/pdf/1905.09418,yes
16,16_vinh2010_clustering_information_measures.pdf,18,EF3F534F25B357296721A5647FA0DBB8F5DE0A574C43772A00182A5A25FF7EC9,https://jmlr.org/papers/volume11/vinh10a/vinh10a.pdf,yes
17,17_kim2018_tcav.pdf,10,08749615E9E6E02FAC4B46E7F8C5CF7CC7192650875E788C54E3149E5E6F6621,https://proceedings.mlr.press/v80/kim18d/kim18d.pdf,yes
18,18_hessel2021_clipscore.pdf,15,C571F3997C43657AE854E08C48D958C67648F7201114D5D8E89EB7353382561C,https://aclanthology.org/2021.emnlp-main.595.pdf,yes
